C70002,Ebony
C70004,Ebony
C70007,Odyssey
C70023,Ebony
C70028,Centaur
C70029,Cosmos
C70036,Ebony
C70045,Ebony
C70046,Centaur
C70063,Cosmos
C70064,Centaur
C70069,Centaur
C70086,Odyssey
C70097,Cosmos
C70105,Odyssey
C70131,Centaur
C70134,Ebony
C70157,Ebony
C70159,Ebony
C70176,Ebony
C70178,Centaur
C70181,Centaur
C70185,Cosmos
C70194,Cosmos
C70203,Centaur
C70205,Ebony
C70209,Ebony
C70220,Ebony
C70221,Tokugawa
C70222,Centaur
C70227,Ebony
C70229,Cosmos
C70231,Odyssey
C70235,Cosmos
C70236,Ebony
C70264,Centaur
C70273,Cosmos
C70276,Centaur
C70278,Ebony
C70279,Centaur
C70284,Centaur
C70286,Ebony
C70289,Ebony
C70294,Centaur
C70302,Cosmos
C70314,Odyssey
C70316,Cosmos
C70323,Ebony
C70329,Centaur
C70335,Ebony
C70349,Cosmos
C70352,Ebony
C70354,Centaur
C70358,Ebony
C70369,Ebony
C70371,Ebony
C70382,Ebony
C70386,Cosmos
C70408,Centaur
C70417,Tokugawa
C70421,Ebony
C70425,Ebony
C70427,Cosmos
C70434,Centaur
C70436,Cosmos
C70441,Ebony
C70443,Ebony
C70445,Ebony
C70454,Ebony
C70458,Ebony
C70459,Centaur
C70464,Centaur
C70465,Ebony
C70479,Ebony
C70481,Ebony
C70484,Ebony
C70500,Ebony
C70513,Centaur
C70521,Ebony
C70523,Centaur
C70532,Cosmos
C70540,Centaur
C70541,Cosmos
C70544,Ebony
C70556,Ebony
C70559,Ebony
C70560,Centaur
C70564,Odyssey
C70572,Odyssey
C70592,Ebony
C70595,Ebony
C70609,Odyssey
C70616,Cosmos
C70617,Centaur
C70619,Ebony
C70624,Cosmos
C70632,Centaur
C70633,Ebony
C70643,Tokugawa
C70654,Centaur
C70671,Ebony
C70675,Ebony
C70678,Ebony
C70679,Ebony
C70681,Centaur
C70685,Ebony
C70688,Cosmos
C70709,Ebony
C70711,Cosmos
C70713,Tokugawa
C70714,Ebony
C70717,Centaur
C70723,Odyssey
C70729,Centaur
C70733,Ebony
C70739,Cosmos
C70745,Cosmos
C70748,Ebony
C70757,Centaur
C70760,Cosmos
C70775,Centaur
C70782,Ebony
C70789,Ebony
C70794,Cosmos
C70801,Ebony
C70806,Centaur
C70809,Ebony
C70826,Ebony
C70838,Ebony
C70848,Cosmos
C70858,Centaur
C70859,Cosmos
C70862,Cosmos
C70867,Tokugawa
C70873,Tokugawa
C70889,Odyssey
C70909,Cosmos
C70910,Cosmos
C70911,Cosmos
C70919,Ebony
C70923,Cosmos
C70932,Odyssey
C70934,Tokugawa
C70944,Centaur
C70947,Cosmos
C70948,Cosmos
C70953,Ebony
C70958,Cosmos
C70962,Ebony
C70972,Cosmos
C70988,Centaur
C70995,Ebony
C71002,Ebony
C71013,Odyssey
C71017,Centaur
C71038,Centaur
C71067,Cosmos
C71068,Centaur
C71074,Centaur
C71084,Ebony
C71086,Ebony
C71091,Odyssey
C71100,Ebony
C71103,Centaur
C71104,Ebony
C71106,Cosmos
C71107,Ebony
C71113,Ebony
C71132,Cosmos
C71133,Odyssey
C71134,Centaur
C71138,Ebony
C71142,Ebony
C71155,Ebony
C71159,Cosmos
C71170,Centaur
C71171,Cosmos
C71174,Odyssey
C71181,Cosmos
C71182,Ebony
C71186,Ebony
C71188,Ebony
C71193,Ebony
C71194,Ebony
C71199,Cosmos
C71214,Centaur
C71219,Ebony
C71223,Centaur
C71227,Cosmos
C71244,Ebony
C71246,Centaur
C71256,Centaur
C71278,Ebony
C71287,Ebony
C71295,Ebony
C71303,Ebony
C71314,Odyssey
C71318,Centaur
C71330,Centaur
C71331,Ebony
C71333,Ebony
C71334,Ebony
C71335,Centaur
C71336,Ebony
C71343,Ebony
C71347,Ebony
C71352,Ebony
C71356,Centaur
C71359,Centaur
C71366,Ebony
C71369,Ebony
C71384,Ebony
C71391,Ebony
C71392,Centaur
C71393,Centaur
C71407,Cosmos
C71417,Odyssey
C71424,Centaur
C71428,Ebony
C71430,Ebony
C71443,Ebony
C71448,Odyssey
C71454,Cosmos
C71462,Cosmos
C71478,Ebony
C71503,Ebony
C71505,Centaur
C71512,Odyssey
C71515,Centaur
C71527,Ebony
C71531,Ebony
C71536,Ebony
C71541,Centaur
C71543,Ebony
C71549,Ebony
C71557,Ebony
C71563,Cosmos
C71569,Centaur
C71579,Odyssey
C71587,Ebony
C71597,Ebony
C71600,Ebony
C71605,Ebony
C71609,Ebony
C71621,Tokugawa
C71622,Centaur
C71624,Ebony
C71626,Ebony
C71630,Centaur
C71653,Centaur
C71665,Cosmos
C71673,Centaur
C71680,Ebony
C71682,Ebony
C71694,Cosmos
C71697,Odyssey
C71715,Odyssey
C71729,Cosmos
C71730,Cosmos
C71733,Ebony
C71761,Ebony
C71766,Cosmos
C71773,Centaur
C71790,Cosmos
C71792,Ebony
C71793,Ebony
C71804,Ebony
C71805,Centaur
C71809,Odyssey
C71847,Odyssey
C71848,Cosmos
C71852,Ebony
C71853,Ebony
C71857,Ebony
C71873,Ebony
C71877,Centaur
C71878,Odyssey
C71889,Ebony
C71891,Ebony
C71900,Odyssey
C71902,Ebony
C71906,Cosmos
C71912,Odyssey
C71913,Ebony
C71920,Ebony
C71927,Ebony
C71933,Tokugawa
C71942,Centaur
C71948,Centaur
C71952,Ebony
C71959,Odyssey
C71964,Ebony
C71967,Ebony
C71969,Ebony
C71975,Ebony
C71988,Centaur
C71998,Ebony
C72007,Cosmos
C72021,Ebony
C72026,Centaur
C72030,Ebony
C72032,Tokugawa
C72037,Ebony
C72041,Cosmos
C72046,Cosmos
C72050,Cosmos
C72061,Centaur
C72069,Odyssey
C72070,Cosmos
C72103,Ebony
C72116,Ebony
C72123,Cosmos
C72126,Ebony
C72127,Ebony
C72135,Ebony
C72148,Ebony
C72162,Cosmos
C72166,Ebony
C72169,Ebony
C72170,Ebony
C72173,Ebony
C72179,Ebony
C72180,Centaur
C72181,Centaur
C72182,Ebony
C72210,Ebony
C72212,Ebony
C72215,Centaur
C72216,Ebony
C72217,Ebony
C72219,Ebony
C72222,Centaur
C72241,Ebony
C72244,Ebony
C72252,Cosmos
C72253,Ebony
C72254,Cosmos
C72256,Ebony
C72260,Ebony
C72270,Centaur
C72273,Centaur
C72275,Ebony
C72279,Ebony
C72292,Ebony
C72294,Ebony
C72302,Cosmos
C72311,Cosmos
C72312,Centaur
C72315,Centaur
C72323,Ebony
C72325,Ebony
C72333,Ebony
C72344,Ebony
C72357,Ebony
C72360,Cosmos
C72367,Ebony
C72384,Ebony
C72393,Cosmos
C72412,Ebony
C72413,Cosmos
C72424,Centaur
C72432,Ebony
C72433,Odyssey
C72444,Ebony
C72445,Ebony
C72450,Cosmos
C72457,Cosmos
C72458,Centaur
C72474,Ebony
C72477,Centaur
C72494,Tokugawa
C72501,Ebony
C72502,Cosmos
C72507,Centaur
C72523,Ebony
C72526,Ebony
C72539,Cosmos
C72542,Ebony
C72547,Ebony
C72553,Ebony
C72554,Ebony
C72558,Ebony
C72569,Centaur
C72578,Ebony
C72580,Ebony
C72591,Tokugawa
C72595,Ebony
C72604,Ebony
C72613,Centaur
C72615,Cosmos
C72617,Cosmos
C72627,Ebony
C72634,Cosmos
C72635,Ebony
C72636,Centaur
C72637,Cosmos
C72643,Ebony
C72644,Ebony
C72652,Ebony
C72653,Ebony
C72654,Ebony
C72655,Odyssey
C72662,Centaur
C72673,Cosmos
C72681,Cosmos
C72684,Cosmos
C72690,Odyssey
C72692,Ebony
C72697,Tokugawa
C72704,Ebony
C72717,Ebony
C72718,Centaur
C72727,Centaur
C72730,Centaur
C72739,Ebony
C72746,Ebony
C72751,Cosmos
C72752,Cosmos
C72761,Ebony
C72769,Centaur
C72774,Ebony
C72775,Odyssey
C72796,Ebony
C72799,Ebony
C72806,Centaur
C72810,Ebony
C72813,Centaur
C72822,Cosmos
C72828,Ebony
C72848,Ebony
C72859,Ebony
C72877,Ebony
C72878,Tokugawa
C72886,Odyssey
C72889,Odyssey
C72891,Tokugawa
C72898,Centaur
C72900,Ebony
C72901,Tokugawa
C72903,Cosmos
C72919,Centaur
C72926,Ebony
C72930,Cosmos
C72931,Odyssey
C72939,Ebony
C72940,Ebony
C72953,Ebony
C72995,Ebony
C72998,Centaur
C73000,Odyssey
C73006,Centaur
C73010,Centaur
C73015,Centaur
C73023,Tokugawa
C73025,Ebony
C73041,Odyssey
C73042,Cosmos
C73045,Ebony
C73053,Centaur
C73061,Ebony
C73064,Ebony
C73091,Centaur
C73099,Ebony
C73124,Centaur
C73125,Odyssey
C73128,Centaur
C73132,Tokugawa
C73136,Ebony
C73137,Tokugawa
C73139,Cosmos
C73148,Ebony
C73152,Cosmos
C73161,Centaur
C73162,Ebony
C73167,Ebony
C73168,Ebony
C73184,Cosmos
C73188,Odyssey
C73208,Tokugawa
C73210,Cosmos
C73219,Ebony
C73220,Centaur
C73226,Tokugawa
C73235,Ebony
C73240,Ebony
C73253,Odyssey
C73255,Ebony
C73263,Ebony
C73266,Ebony
C73277,Ebony
C73278,Cosmos
C73279,Ebony
C73303,Ebony
C73311,Centaur
C73324,Ebony
C73335,Centaur
C73337,Ebony
C73340,Tokugawa
C73351,Centaur
C73354,Centaur
C73367,Ebony
C73370,Ebony
C73374,Cosmos
C73379,Ebony
C73380,Ebony
C73391,Odyssey
C73393,Centaur
C73399,Ebony
C73409,Ebony
C73410,Ebony
C73423,Ebony
C73424,Cosmos
C73432,Centaur
C73434,Ebony
C73435,Tokugawa
C73438,Cosmos
C73440,Ebony
C73442,Centaur
C73459,Cosmos
C73476,Ebony
C73487,Tokugawa
C73501,Centaur
C73516,Centaur
C73519,Cosmos
C73526,Centaur
C73537,Centaur
C73539,Cosmos
C73551,Ebony
C73570,Ebony
C73572,Cosmos
C73594,Ebony
C73604,Ebony
C73609,Ebony
C73614,Ebony
C73615,Cosmos
C73618,Ebony
C73623,Ebony
C73628,Ebony
C73631,Odyssey
C73632,Tokugawa
C73642,Centaur
C73657,Centaur
C73659,Odyssey
C73672,Odyssey
C73676,Centaur
C73680,Odyssey
C73686,Ebony
C73689,Centaur
C73690,Cosmos
C73696,Cosmos
C73698,Cosmos
C73714,Centaur
C73728,Ebony
C73736,Cosmos
C73765,Ebony
C73778,Ebony
C73779,Cosmos
C73780,Cosmos
C73781,Centaur
C73783,Ebony
C73785,Ebony
C73788,Cosmos
C73801,Ebony
C73805,Ebony
C73817,Tokugawa
C73822,Cosmos
C73824,Cosmos
C73831,Ebony
C73833,Cosmos
C73848,Ebony
C73851,Ebony
C73865,Ebony
C73876,Cosmos
C73888,Ebony
C73897,Centaur
C73898,Centaur
C73900,Ebony
C73901,Ebony
C73910,Odyssey
C73912,Ebony
C73922,Ebony
C73923,Ebony
C73929,Ebony
C73930,Ebony
C73931,Ebony
C73932,Centaur
C73942,Ebony
C73946,Ebony
C73958,Odyssey
C73965,Centaur
C73973,Ebony
C74006,Ebony
C74027,Cosmos
C74029,Cosmos
C74037,Cosmos
C74045,Cosmos
C74055,Ebony
C74056,Ebony
C74075,Odyssey
C74078,Centaur
C74082,Ebony
C74088,Cosmos
C74102,Cosmos
C74109,Ebony
C74118,Ebony
C74123,Ebony
C74154,Cosmos
C74169,Cosmos
C74180,Ebony
C74182,Tokugawa
C74191,Ebony
C74206,Cosmos
C74216,Ebony
C74239,Centaur
C74241,Ebony
C74249,Cosmos
C74265,Cosmos
C74267,Centaur
C74272,Ebony
C74275,Centaur
C74279,Ebony
C74285,Ebony
C74292,Cosmos
C74297,Cosmos
C74316,Centaur
C74320,Ebony
C74322,Odyssey
C74325,Ebony
C74327,Ebony
C74331,Centaur
C74333,Ebony
C74343,Ebony
C74344,Cosmos
C74353,Cosmos
C74355,Cosmos
C74357,Centaur
C74361,Cosmos
C74362,Centaur
C74363,Cosmos
C74370,Ebony
C74377,Centaur
C74386,Ebony
C74389,Ebony
C74395,Tokugawa
C74413,Tokugawa
C74437,Centaur
C74440,Centaur
C74445,Ebony
C74450,Centaur
C74458,Cosmos
C74466,Centaur
C74469,Cosmos
C74471,Cosmos
C74474,Cosmos
C74475,Centaur
C74476,Centaur
C74485,Ebony
C74489,Ebony
C74495,Centaur
C74522,Centaur
C74543,Cosmos
C74556,Ebony
C74562,Ebony
C74572,Ebony
C74573,Cosmos
C74576,Ebony
C74588,Centaur
C74591,Centaur
C74598,Cosmos
C74601,Ebony
C74623,Cosmos
C74629,Cosmos
C74630,Ebony
C74637,Ebony
C74640,Ebony
C74641,Centaur
C74648,Centaur
C74652,Ebony
C74664,Tokugawa
C74680,Ebony
C74686,Centaur
C74689,Cosmos
C74696,Cosmos
C74710,Centaur
C74719,Ebony
C74720,Ebony
C74721,Ebony
C74726,Ebony
C74731,Ebony
C74737,Cosmos
C74738,Ebony
C74742,Cosmos
C74743,Ebony
C74750,Centaur
C74752,Ebony
C74765,Ebony
C74774,Ebony
C74779,Centaur
C74782,Centaur
C74785,Cosmos
C74798,Ebony
C74800,Ebony
C74804,Ebony
C74807,Ebony
C74809,Ebony
C74811,Ebony
C74814,Ebony
C74828,Cosmos
C74832,Ebony
C74837,Centaur
C74838,Cosmos
C74844,Ebony
C74848,Cosmos
C74852,Cosmos
C74868,Cosmos
C74881,Odyssey
C74885,Centaur
C74891,Ebony
C74898,Ebony
C74899,Ebony
C74903,Cosmos
C74904,Centaur
C74917,Ebony
C74930,Ebony
C74947,Centaur
C74964,Ebony
C74965,Cosmos
C74971,Tokugawa
C74980,Odyssey
C74996,Ebony
C74997,Cosmos
C75001,Ebony
C75012,Ebony
C75016,Centaur
C75020,Ebony
C75023,Ebony
C75046,Tokugawa
C75053,Ebony
C75054,Cosmos
C75071,Centaur
C75072,Odyssey
C75082,Ebony
C75084,Ebony
C75114,Ebony
C75127,Ebony
C75134,Cosmos
C75136,Cosmos
C75137,Ebony
C75143,Ebony
C75146,Cosmos
C75155,Ebony
C75168,Centaur
C75176,Tokugawa
C75193,Cosmos
C75194,Cosmos
C75197,Ebony
C75202,Cosmos
C75204,Ebony
C75212,Centaur
C75225,Centaur
C75227,Odyssey
C75236,Cosmos
C75243,Ebony
C75254,Cosmos
C75273,Ebony
C75274,Ebony
C75279,Cosmos
C75285,Ebony
C75296,Ebony
C75303,Centaur
C75310,Centaur
C75317,Ebony
C75320,Ebony
C75323,Ebony
C75330,Ebony
C75331,Odyssey
C75332,Ebony
C75336,Odyssey
C75340,Ebony
C75344,Cosmos
C75345,Cosmos
C75346,Ebony
C75348,Ebony
C75351,Tokugawa
C75352,Ebony
C75353,Odyssey
C75356,Centaur
C75359,Ebony
C75371,Centaur
C75375,Ebony
C75381,Ebony
C75384,Ebony
C75391,Ebony
C75396,Cosmos
C75398,Ebony
C75399,Centaur
C75412,Odyssey
C75420,Ebony
C75424,Cosmos
C75429,Ebony
C75433,Centaur
C75435,Ebony
C75439,Cosmos
C75441,Ebony
C75449,Cosmos
C75456,Ebony
C75459,Ebony
C75462,Centaur
C75464,Ebony
C75475,Centaur
C75481,Cosmos
C75487,Ebony
C75491,Odyssey
C75499,Centaur
C75506,Cosmos
C75509,Centaur
C75518,Ebony
C75525,Centaur
C75526,Centaur
C75540,Cosmos
C75551,Cosmos
C75571,Cosmos
C75575,Centaur
C75578,Centaur
C75579,Ebony
C75580,Centaur
C75583,Centaur
C75587,Ebony
C75608,Ebony
C75612,Odyssey
C75615,Ebony
C75617,Centaur
C75621,Ebony
C75634,Ebony
C75638,Cosmos
C75643,Cosmos
C75645,Ebony
C75649,Centaur
C75655,Cosmos
C75661,Ebony
C75662,Cosmos
C75671,Cosmos
C75672,Cosmos
C75673,Cosmos
C75676,Centaur
C75683,Ebony
C75695,Centaur
C75702,Centaur
C75704,Ebony
C75707,Odyssey
C75734,Centaur
C75743,Ebony
C75752,Centaur
C75761,Centaur
C75763,Odyssey
C75764,Ebony
C75769,Centaur
C75772,Centaur
C75775,Centaur
C75780,Centaur
C75791,Cosmos
C75794,Cosmos
C75807,Cosmos
C75818,Ebony
C75827,Ebony
C75829,Cosmos
C75835,Ebony
C75842,Ebony
C75846,Ebony
C75854,Centaur
C75868,Centaur
C75871,Ebony
C75876,Centaur
C75879,Ebony
C75884,Centaur
C75892,Ebony
C75903,Ebony
C75905,Cosmos
C75916,Cosmos
C75922,Centaur
C75924,Ebony
C75929,Cosmos
C75930,Centaur
C75962,Ebony
C75972,Ebony
C75976,Centaur
C75990,Ebony
C75992,Centaur
C75994,Ebony
C76000,Ebony
C76001,Tokugawa
C76002,Ebony
C76012,Tokugawa
C76013,Cosmos
C76019,Ebony
C76032,Centaur
C76034,Ebony
C76049,Centaur
C76051,Ebony
C76053,Ebony
C76076,Ebony
C76083,Ebony
C76092,Ebony
C76094,Ebony
C76114,Centaur
C76117,Centaur
C76118,Centaur
C76125,Ebony
C76130,Ebony
C76141,Centaur
C76149,Ebony
C76153,Odyssey
C76159,Ebony
C76163,Ebony
C76167,Cosmos
C76175,Ebony
C76180,Centaur
C76184,Centaur
C76205,Ebony
C76227,Ebony
C76240,Ebony
C76242,Centaur
C76245,Ebony
C76251,Ebony
C76252,Ebony
C76255,Ebony
C76259,Centaur
C76267,Ebony
C76269,Ebony
C76275,Centaur
C76276,Centaur
C76277,Centaur
C76279,Tokugawa
C76284,Ebony
C76285,Ebony
C76286,Ebony
C76289,Centaur
C76295,Ebony
C76296,Cosmos
C76325,Centaur
C76332,Odyssey
C76335,Ebony
C76336,Ebony
C76348,Centaur
C76349,Ebony
C76386,Ebony
C76395,Centaur
C76397,Cosmos
C76399,Ebony
C76403,Ebony
C76416,Centaur
C76434,Ebony
C76435,Tokugawa
C76440,Centaur
C76447,Ebony
C76461,Centaur
C76462,Ebony
C76466,Centaur
C76477,Ebony
C76494,Odyssey
C76514,Ebony
C76518,Ebony
C76529,Ebony
C76535,Cosmos
C76542,Centaur
C76559,Centaur
C76560,Centaur
C76565,Odyssey
C76585,Ebony
C76586,Tokugawa
C76599,Cosmos
C76603,Centaur
C76604,Cosmos
C76610,Cosmos
C76612,Ebony
C76623,Cosmos
C76626,Centaur
C76633,Cosmos
C76642,Centaur
C76653,Cosmos
C76662,Ebony
C76669,Ebony
C76673,Tokugawa
C76680,Ebony
C76686,Cosmos
C76689,Ebony
C76708,Cosmos
C76709,Ebony
C76714,Ebony
C76720,Cosmos
C76725,Ebony
C76728,Ebony
C76733,Ebony
C76735,Ebony
C76755,Ebony
C76772,Tokugawa
C76775,Ebony
C76779,Ebony
C76795,Cosmos
C76811,Ebony
C76812,Ebony
C76814,Odyssey
C76827,Centaur
C76834,Centaur
C76847,Cosmos
C76849,Tokugawa
C76859,Ebony
C76864,Cosmos
C76866,Ebony
C76869,Centaur
C76870,Ebony
C76878,Cosmos
C76904,Ebony
C76912,Ebony
C76922,Ebony
C76923,Ebony
C76928,Ebony
C76931,Ebony
C76938,Ebony
C76940,Odyssey
C76944,Centaur
C76953,Centaur
C76955,Ebony
C76976,Ebony
C76984,Tokugawa
C76999,Centaur
C77004,Ebony
C77008,Ebony
C77018,Cosmos
C77021,Ebony
C77023,Cosmos
C77027,Centaur
C77051,Ebony
C77066,Ebony
C77070,Ebony
C77077,Centaur
C77085,Ebony
C77087,Ebony
C77091,Cosmos
C77110,Ebony
C77134,Ebony
C77136,Ebony
C77146,Ebony
C77156,Ebony
C77162,Centaur
C77180,Ebony
C77182,Odyssey
C77190,Ebony
C77191,Tokugawa
C77201,Cosmos
C77202,Ebony
C77204,Cosmos
C77232,Ebony
C77235,Centaur
C77238,Cosmos
C77249,Tokugawa
C77266,Ebony
C77269,Ebony
C77286,Cosmos
C77291,Ebony
C77292,Centaur
C77305,Cosmos
C77306,Ebony
C77307,Ebony
C77310,Centaur
C77311,Centaur
C77315,Centaur
C77317,Ebony
C77321,Ebony
C77327,Ebony
C77331,Centaur
C77332,Ebony
C77342,Odyssey
C77344,Cosmos
C77348,Cosmos
C77350,Cosmos
C77351,Ebony
C77369,Cosmos
C77380,Ebony
C77383,Ebony
C77403,Odyssey
C77416,Cosmos
C77419,Centaur
C77425,Ebony
C77435,Ebony
C77446,Cosmos
C77451,Cosmos
C77454,Odyssey
C77457,Centaur
C77459,Ebony
C77463,Centaur
C77477,Centaur
C77478,Centaur
C77485,Ebony
C77492,Centaur
C77497,Odyssey
C77502,Ebony
C77507,Cosmos
C77515,Centaur
C77524,Tokugawa
C77536,Centaur
C77541,Ebony
C77544,Ebony
C77546,Ebony
C77550,Ebony
C77565,Cosmos
C77585,Centaur
C77616,Ebony
C77622,Cosmos
C77630,Odyssey
C77631,Cosmos
C77642,Odyssey
C77659,Ebony
C77660,Ebony
C77670,Ebony
C77675,Ebony
C77690,Ebony
C77707,Odyssey
C77709,Ebony
C77712,Ebony
C77725,Odyssey
C77738,Centaur
C77743,Ebony
C77751,Cosmos
C77752,Cosmos
C77753,Centaur
C77754,Cosmos
C77765,Centaur
C77780,Cosmos
C77818,Centaur
C77819,Centaur
C77820,Ebony
C77822,Tokugawa
C77831,Centaur
C77843,Cosmos
C77844,Odyssey
C77865,Ebony
C77871,Cosmos
C77877,Ebony
C77878,Centaur
C77886,Centaur
C77912,Ebony
C77914,Ebony
C77915,Odyssey
C77917,Ebony
C77920,Tokugawa
C77926,Ebony
C77929,Centaur
C77941,Cosmos
C77945,Cosmos
C77950,Cosmos
C77951,Ebony
C77956,Ebony
C77958,Ebony
C77964,Centaur
C77966,Ebony
C77970,Centaur
C77975,Cosmos
C77976,Centaur
C77977,Ebony
C77983,Odyssey
C77984,Cosmos
C77993,Centaur
C77996,Ebony
C78001,Ebony
C78017,Ebony
C78023,Cosmos
C78025,Cosmos
C78028,Centaur
C78034,Centaur
C78038,Tokugawa
C78042,Cosmos
C78049,Ebony
C78060,Ebony
C78063,Ebony
C78065,Ebony
C78077,Odyssey
C78091,Ebony
C78099,Centaur
C78108,Cosmos
C78114,Cosmos
C78118,Ebony
C78121,Cosmos
C78129,Cosmos
C78135,Centaur
C78136,Ebony
C78138,Ebony
C78154,Ebony
C78156,Cosmos
C78163,Ebony
C78173,Cosmos
C78176,Centaur
C78179,Cosmos
C78194,Centaur
C78208,Centaur
C78215,Cosmos
C78216,Ebony
C78230,Ebony
C78259,Ebony
C78265,Centaur
C78272,Odyssey
C78273,Ebony
C78274,Ebony
C78276,Cosmos
C78286,Ebony
C78289,Cosmos
C78291,Centaur
C78294,Tokugawa
C78310,Ebony
C78314,Ebony
C78324,Centaur
C78328,Cosmos
C78336,Ebony
C78344,Ebony
C78351,Centaur
C78356,Ebony
C78357,Ebony
C78360,Cosmos
C78371,Centaur
C78377,Ebony
C78378,Ebony
C78385,Odyssey
C78386,Ebony
C78390,Cosmos
C78394,Ebony
C78398,Cosmos
C78399,Cosmos
C78410,Centaur
C78417,Ebony
C78418,Cosmos
C78427,Ebony
C78450,Ebony
C78452,Cosmos
C78458,Ebony
C78461,Cosmos
C78462,Ebony
C78467,Tokugawa
C78470,Centaur
C78476,Ebony
C78478,Ebony
C78488,Odyssey
C78506,Ebony
C78528,Ebony
C78531,Ebony
C78532,Ebony
C78533,Ebony
C78537,Ebony
C78552,Ebony
C78561,Centaur
C78562,Cosmos
C78571,Ebony
C78578,Centaur
C78591,Ebony
C78597,Ebony
C78613,Ebony
C78644,Ebony
C78645,Centaur
C78654,Ebony
C78670,Cosmos
C78682,Ebony
C78697,Odyssey
C78699,Ebony
C78705,Centaur
C78706,Cosmos
C78711,Centaur
C78716,Cosmos
C78731,Ebony
C78732,Ebony
C78739,Ebony
C78742,Centaur
C78746,Centaur
C78747,Cosmos
C78754,Tokugawa
C78758,Ebony
C78763,Ebony
C78767,Centaur
C78775,Cosmos
C78784,Ebony
C78788,Ebony
C78796,Ebony
C78810,Ebony
C78819,Ebony
C78829,Centaur
C78830,Cosmos
C78840,Ebony
C78841,Ebony
C78844,Odyssey
C78849,Centaur
C78877,Ebony
C78878,Centaur
C78887,Centaur
C78888,Ebony
C78892,Ebony
C78897,Ebony
C78904,Cosmos
C78907,Cosmos
C78912,Ebony
C78931,Centaur
C78938,Ebony
C78944,Ebony
C78950,Centaur
C78961,Centaur
C78969,Centaur
C78974,Ebony
C78976,Ebony
C79001,Centaur
C79002,Centaur
C79018,Ebony
C79027,Tokugawa
C79034,Centaur
C79037,Cosmos
C79038,Centaur
C79040,Ebony
C79045,Centaur
C79052,Centaur
C79062,Centaur
C79064,Cosmos
C79076,Ebony
C79079,Ebony
C79084,Ebony
C79092,Ebony
C79100,Centaur
C79108,Tokugawa
C79115,Ebony
C79117,Cosmos
C79125,Centaur
C79129,Centaur
C79130,Ebony
C79133,Cosmos
C79155,Ebony
C79160,Ebony
C79168,Centaur
C79173,Centaur
C79174,Ebony
C79177,Cosmos
C79179,Ebony
C79180,Cosmos
C79181,Cosmos
C79193,Cosmos
C79198,Ebony
C79199,Ebony
C79200,Ebony
C79217,Centaur
C79219,Ebony
C79224,Ebony
C79226,Ebony
C79232,Ebony
C79235,Ebony
C79242,Centaur
C79243,Odyssey
C79247,Cosmos
C79251,Cosmos
C79252,Ebony
C79267,Cosmos
C79270,Centaur
C79292,Ebony
C79299,Centaur
C79325,Ebony
C79330,Ebony
C79360,Ebony
C79363,Ebony
C79365,Centaur
C79382,Ebony
C79386,Odyssey
C79401,Centaur
C79403,Centaur
C79420,Ebony
C79427,Tokugawa
C79438,Centaur
C79448,Cosmos
C79456,Ebony
C79459,Ebony
C79466,Ebony
C79472,Ebony
C79477,Ebony
C79507,Centaur
C79508,Ebony
C79520,Ebony
C79525,Centaur
C79529,Centaur
C79537,Ebony
C79539,Cosmos
C79551,Ebony
C79556,Cosmos
C79564,Cosmos
C79567,Centaur
C79570,Odyssey
C79576,Centaur
C79580,Centaur
C79581,Ebony
C79583,Ebony
C79591,Tokugawa
C79606,Centaur
C79617,Ebony
C79621,Centaur
C79623,Ebony
C79624,Ebony
C79627,Cosmos
C79635,Cosmos
C79636,Ebony
C79652,Ebony
C79656,Ebony
C79661,Ebony
C79662,Centaur
C79673,Ebony
C79699,Cosmos
C79704,Tokugawa
C79708,Ebony
C79709,Ebony
C79714,Ebony
C79719,Ebony
C79725,Ebony
C79736,Ebony
C79737,Cosmos
C79744,Centaur
C79751,Cosmos
C79752,Centaur
C79765,Centaur
C79767,Ebony
C79770,Cosmos
C79771,Ebony
C79778,Ebony
C79789,Centaur
C79813,Cosmos
C79829,Ebony
C79835,Odyssey
C79836,Ebony
C79843,Tokugawa
C79853,Cosmos
C79866,Tokugawa
C79878,Ebony
C79881,Ebony
C79889,Centaur
C79894,Odyssey
C79897,Ebony
C79906,Ebony
C79914,Ebony
C79918,Ebony
C79922,Centaur
C79923,Ebony
C79925,Ebony
C79945,Ebony
C79947,Cosmos
C79948,Centaur
C79958,Ebony
C79961,Ebony
C79964,Centaur
C79975,Centaur
C79979,Cosmos
C79989,Ebony
C79993,Ebony
C79997,Ebony
C80015,Ebony
C80021,Ebony
C80022,Ebony
C80023,Ebony
C80040,Ebony
C80043,Ebony
C80062,Ebony
C80065,Cosmos
C80075,Ebony
C80077,Cosmos
C80095,Tokugawa
C80096,Ebony
C80106,Ebony
C80112,Ebony
C80134,Ebony
C80148,Cosmos
C80166,Ebony
C80170,Centaur
C80176,Ebony
C80180,Ebony
C80190,Ebony
C80212,Ebony
C80220,Cosmos
C80229,Cosmos
C80230,Cosmos
C80233,Centaur
C80234,Cosmos
C80243,Cosmos
C80248,Centaur
C80250,Ebony
C80251,Ebony
C80258,Ebony
C80261,Centaur
C80263,Odyssey
C80268,Centaur
C80273,Tokugawa
C80277,Ebony
C80303,Cosmos
C80316,Ebony
C80327,Ebony
C80340,Odyssey
C80341,Centaur
C80374,Cosmos
C80380,Cosmos
C80385,Ebony
C80388,Ebony
C80392,Tokugawa
C80394,Centaur
C80404,Odyssey
C80414,Tokugawa
C80428,Ebony
C80445,Ebony
C80446,Odyssey
C80448,Ebony
C80450,Ebony
C80458,Cosmos
C80463,Ebony
C80469,Ebony
C80483,Ebony
C80493,Cosmos
C80497,Centaur
C80503,Centaur
C80541,Cosmos
C80544,Ebony
C80551,Cosmos
C80561,Ebony
C80562,Ebony
C80563,Ebony
C80570,Ebony
C80574,Centaur
C80591,Centaur
C80598,Centaur
C80602,Centaur
C80611,Centaur
C80614,Centaur
C80629,Centaur
C80643,Centaur
C80655,Odyssey
C80663,Odyssey
C80674,Centaur
C80683,Centaur
C80687,Ebony
C80689,Centaur
C80701,Centaur
C80708,Ebony
C80710,Centaur
C80711,Ebony
C80726,Ebony
C80727,Ebony
C80731,Cosmos
C80735,Ebony
C80748,Cosmos
C80751,Centaur
C80758,Ebony
C80779,Ebony
C80785,Ebony
C80789,Odyssey
C80792,Cosmos
C80800,Ebony
C80801,Ebony
C80807,Ebony
C80814,Ebony
C80816,Centaur
C80826,Odyssey
C80845,Odyssey
C80847,Cosmos
C80856,Odyssey
C80901,Ebony
C80914,Cosmos
C80917,Ebony
C80924,Cosmos
C80934,Odyssey
C80935,Centaur
C80938,Ebony
C80948,Ebony
C80961,Ebony
C80966,Cosmos
C80973,Centaur
C80976,Ebony
C80989,Odyssey
C80994,Ebony
C81008,Ebony
C81010,Tokugawa
C81023,Cosmos
C81028,Ebony
C81029,Centaur
C81033,Tokugawa
C81037,Ebony
C81042,Centaur
C81048,Cosmos
C81054,Tokugawa
C81058,Ebony
C81060,Cosmos
C81065,Ebony
C81072,Ebony
C81090,Odyssey
C81100,Ebony
C81137,Ebony
C81145,Cosmos
C81162,Centaur
C81165,Centaur
C81169,Ebony
C81174,Cosmos
C81183,Ebony
C81192,Ebony
C81194,Ebony
C81200,Ebony
C81201,Ebony
C81203,Odyssey
C81209,Ebony
C81214,Ebony
C81216,Centaur
C81223,Centaur
C81234,Centaur
C81262,Centaur
C81264,Ebony
C81272,Ebony
C81275,Ebony
C81282,Centaur
C81285,Cosmos
C81302,Ebony
C81328,Tokugawa
C81345,Ebony
C81348,Ebony
C81349,Centaur
C81354,Cosmos
C81356,Ebony
C81366,Cosmos
C81367,Ebony
C81369,Cosmos
C81370,Ebony
C81382,Ebony
C81384,Cosmos
C81387,Centaur
C81409,Centaur
C81410,Cosmos
C81414,Ebony
C81415,Cosmos
C81417,Cosmos
C81435,Cosmos
C81438,Centaur
C81442,Odyssey
C81457,Cosmos
C81458,Cosmos
C81464,Ebony
C81492,Centaur
C81503,Cosmos
C81507,Cosmos
C81511,Ebony
C81527,Tokugawa
C81544,Odyssey
C81552,Odyssey
C81569,Centaur
C81585,Centaur
C81600,Ebony
C81609,Cosmos
C81613,Cosmos
C81615,Ebony
C81617,Ebony
C81620,Ebony
C81622,Centaur
C81624,Ebony
C81625,Ebony
C81627,Centaur
C81629,Ebony
C81630,Ebony
C81644,Ebony
C81653,Cosmos
C81664,Ebony
C81667,Ebony
C81675,Ebony
C81677,Centaur
C81683,Ebony
C81688,Centaur
C81691,Centaur
C81701,Ebony
C81702,Ebony
C81706,Odyssey
C81715,Centaur
C81720,Ebony
C81732,Centaur
C81737,Ebony
C81759,Ebony
C81761,Ebony
C81762,Centaur
C81763,Ebony
C81768,Ebony
C81769,Centaur
C81773,Cosmos
C81777,Ebony
C81794,Centaur
C81804,Cosmos
C81826,Odyssey
C81843,Centaur
C81845,Ebony
C81848,Cosmos
C81852,Ebony
C81859,Ebony
C81871,Cosmos
C81881,Centaur
C81887,Ebony
C81890,Cosmos
C81895,Cosmos
C81905,Ebony
C81910,Cosmos
C81914,Centaur
C81916,Cosmos
C81925,Cosmos
C81926,Cosmos
C81933,Cosmos
C81947,Ebony
C81953,Ebony
C81956,Cosmos
C81962,Tokugawa
C82009,Centaur
C82013,Ebony
C82039,Ebony
C82054,Ebony
C82067,Centaur
C82069,Ebony
C82076,Centaur
C82082,Cosmos
C82084,Ebony
C82100,Odyssey
C82102,Centaur
C82104,Ebony
C82106,Cosmos
C82107,Cosmos
C82117,Ebony
C82119,Cosmos
C82126,Cosmos
C82137,Ebony
C82146,Odyssey
C82161,Cosmos
C82171,Centaur
C82181,Ebony
C82203,Odyssey
C82207,Cosmos
C82216,Centaur
C82239,Ebony
C82249,Ebony
C82251,Centaur
C82255,Centaur
C82259,Cosmos
C82271,Cosmos
C82275,Cosmos
C82277,Ebony
C82287,Cosmos
C82292,Cosmos
C82294,Centaur
C82313,Cosmos
C82316,Ebony
C82319,Cosmos
C82327,Cosmos
C82328,Centaur
C82329,Ebony
C82333,Centaur
C82334,Ebony
C82338,Centaur
C82340,Centaur
C82345,Ebony
C82351,Ebony
C82359,Centaur
C82360,Ebony
C82363,Ebony
C82369,Ebony
C82373,Tokugawa
C82386,Ebony
C82391,Ebony
C82401,Ebony
C82406,Ebony
C82411,Ebony
C82412,Centaur
C82419,Ebony
C82420,Tokugawa
C82425,Cosmos
C82426,Centaur
C82432,Tokugawa
C82435,Ebony
C82444,Ebony
C82464,Ebony
C82468,Ebony
C82469,Ebony
C82470,Centaur
C82473,Ebony
C82494,Centaur
C82512,Ebony
C82515,Ebony
C82516,Tokugawa
C82517,Ebony
C82519,Cosmos
C82531,Cosmos
C82536,Centaur
C82553,Ebony
C82554,Ebony
C82563,Ebony
C82566,Centaur
C82567,Centaur
C82571,Ebony
C82574,Cosmos
C82577,Cosmos
C82586,Ebony
C82588,Cosmos
C82601,Ebony
C82602,Ebony
C82610,Cosmos
C82612,Ebony
C82613,Cosmos
C82635,Cosmos
C82640,Centaur
C82642,Cosmos
C82663,Cosmos
C82670,Ebony
C82671,Centaur
C82676,Ebony
C82678,Ebony
C82689,Centaur
C82690,Ebony
C82701,Ebony
C82705,Cosmos
C82714,Ebony
C82720,Cosmos
C82721,Ebony
C82728,Ebony
C82744,Odyssey
C82776,Cosmos
C82777,Centaur
C82779,Centaur
C82780,Cosmos
C82781,Cosmos
C82791,Cosmos
C82796,Cosmos
C82805,Ebony
C82808,Ebony
C82814,Ebony
C82821,Ebony
C82822,Ebony
C82832,Ebony
C82841,Ebony
C82845,Centaur
C82850,Ebony
C82857,Centaur
C82868,Cosmos
C82883,Centaur
C82889,Ebony
C82899,Ebony
C82910,Cosmos
C82911,Ebony
C82916,Ebony
C82920,Ebony
C82929,Ebony
C82930,Tokugawa
C82938,Ebony
C82948,Ebony
C82953,Ebony
C82959,Centaur
C82967,Ebony
C82972,Ebony
C82991,Ebony
C82995,Centaur
C82996,Centaur
C82999,Cosmos
C83006,Centaur
C83015,Centaur
C83016,Centaur
C83021,Cosmos
C83033,Centaur
C83050,Ebony
C83058,Centaur
C83063,Ebony
C83065,Tokugawa
C83069,Ebony
C83076,Cosmos
C83078,Ebony
C83090,Cosmos
C83092,Centaur
C83093,Ebony
C83094,Ebony
C83098,Ebony
C83102,Odyssey
C83108,Ebony
C83112,Ebony
C83126,Cosmos
C83128,Cosmos
C83129,Tokugawa
C83130,Ebony
C83140,Ebony
C83141,Centaur
C83149,Centaur
C83163,Ebony
C83164,Centaur
C83176,Centaur
C83183,Ebony
C83188,Ebony
C83206,Tokugawa
C83218,Cosmos
C83235,Cosmos
C83249,Odyssey
C83251,Centaur
C83253,Centaur
C83259,Tokugawa
C83262,Cosmos
C83267,Centaur
C83268,Ebony
C83272,Ebony
C83280,Centaur
C83281,Tokugawa
C83287,Cosmos
C83288,Odyssey
C83298,Centaur
C83299,Centaur
C83304,Ebony
C83315,Centaur
C83316,Ebony
C83326,Ebony
C83335,Ebony
C83345,Ebony
C83351,Tokugawa
C83354,Cosmos
C83355,Ebony
C83356,Ebony
C83362,Ebony
C83365,Centaur
C83370,Cosmos
C83376,Ebony
C83386,Centaur
C83404,Tokugawa
C83407,Ebony
C83411,Cosmos
C83412,Odyssey
C83425,Ebony
C83428,Ebony
C83434,Cosmos
C83452,Centaur
C83458,Ebony
C83460,Ebony
C83473,Cosmos
C83477,Centaur
C83487,Centaur
C83491,Ebony
C83504,Centaur
C83511,Ebony
C83512,Centaur
C83525,Ebony
C83531,Odyssey
C83534,Ebony
C83537,Ebony
C83540,Cosmos
C83543,Ebony
C83545,Centaur
C83553,Odyssey
C83559,Cosmos
C83561,Cosmos
C83565,Ebony
C83570,Centaur
C83573,Ebony
C83580,Ebony
C83589,Cosmos
C83591,Ebony
C83603,Centaur
C83616,Cosmos
C83622,Centaur
C83624,Ebony
C83638,Ebony
C83650,Ebony
C83653,Centaur
C83666,Ebony
C83676,Ebony
C83680,Tokugawa
C83701,Odyssey
C83725,Ebony
C83733,Tokugawa
C83742,Ebony
C83751,Ebony
C83752,Ebony
C83776,Ebony
C83800,Ebony
C83804,Centaur
C83806,Ebony
C83808,Ebony
C83835,Ebony
C83839,Centaur
C83843,Centaur
C83848,Ebony
C83852,Ebony
C83854,Cosmos
C83856,Ebony
C83857,Cosmos
C83861,Ebony
C83867,Centaur
C83873,Tokugawa
C83880,Ebony
C83893,Centaur
C83896,Cosmos
C83919,Ebony
C83920,Ebony
C83922,Odyssey
C83925,Odyssey
C83941,Centaur
C83947,Ebony
C83949,Ebony
C83951,Ebony
C83957,Centaur
C83962,Ebony
C83969,Ebony
C83971,Odyssey
C83976,Centaur
C83982,Cosmos
C83986,Centaur
C84007,Cosmos
C84016,Centaur
C84021,Cosmos
C84032,Ebony
C84036,Ebony
C84038,Ebony
C84046,Centaur
C84055,Ebony
C84059,Centaur
C84062,Ebony
C84071,Cosmos
C84077,Odyssey
C84104,Ebony
C84122,Cosmos
C84126,Odyssey
C84128,Cosmos
C84131,Centaur
C84138,Cosmos
C84146,Cosmos
C84149,Cosmos
C84150,Odyssey
C84152,Cosmos
C84153,Ebony
C84158,Cosmos
C84166,Tokugawa
C84179,Centaur
C84187,Ebony
C84189,Centaur
C84192,Centaur
C84194,Centaur
C84204,Ebony
C84205,Ebony
C84206,Centaur
C84224,Centaur
C84231,Cosmos
C84235,Cosmos
C84237,Ebony
C84246,Cosmos
C84249,Ebony
C84252,Centaur
C84264,Centaur
C84275,Ebony
C84277,Cosmos
C84282,Ebony
C84287,Ebony
C84295,Cosmos
C84303,Cosmos
C84304,Ebony
C84305,Ebony
C84308,Ebony
C84312,Centaur
C84334,Ebony
C84335,Odyssey
C84343,Centaur
C84346,Centaur
C84353,Tokugawa
C84359,Centaur
C84373,Ebony
C84378,Ebony
C84381,Ebony
C84383,Cosmos
C84385,Ebony
C84392,Ebony
C84414,Tokugawa
C84461,Ebony
C84462,Centaur
C84473,Cosmos
C84476,Ebony
C84480,Ebony
C84484,Ebony
C84485,Ebony
C84497,Cosmos
C84505,Ebony
C84506,Cosmos
C84510,Cosmos
C84515,Ebony
C84527,Ebony
C84529,Ebony
C84533,Cosmos
C84536,Cosmos
C84537,Ebony
C84541,Odyssey
C84561,Centaur
C84562,Ebony
C84570,Centaur
C84574,Centaur
C84577,Ebony
C84578,Centaur
C84579,Cosmos
C84586,Ebony
C84595,Ebony
C84604,Ebony
C84616,Ebony
C84627,Centaur
C84634,Ebony
C84638,Centaur
C84641,Cosmos
C84645,Cosmos
C84656,Cosmos
C84661,Cosmos
C84665,Cosmos
C84672,Ebony
C84674,Ebony
C84678,Ebony
C84681,Centaur
C84683,Ebony
C84690,Centaur
C84698,Tokugawa
C84707,Tokugawa
C84713,Ebony
C84720,Cosmos
C84728,Centaur
C84735,Ebony
C84739,Cosmos
C84763,Centaur
C84782,Ebony
C84790,Odyssey
C84792,Ebony
C84800,Ebony
C84803,Ebony
C84831,Centaur
C84834,Ebony
C84839,Centaur
C84855,Ebony
C84858,Centaur
C84870,Centaur
C84876,Ebony
C84878,Centaur
C84879,Centaur
C84883,Ebony
C84885,Centaur
C84894,Centaur
C84897,Ebony
C84904,Ebony
C84910,Ebony
C84919,Cosmos
C84923,Centaur
C84924,Centaur
C84925,Cosmos
C84936,Cosmos
C84943,Cosmos
C84944,Centaur
C84950,Cosmos
C84967,Centaur
C84972,Centaur
C84973,Ebony
C84982,Ebony
C84990,Ebony
C84998,Ebony
C85003,Ebony
C85011,Cosmos
C85016,Ebony
C85024,Tokugawa
C85033,Ebony
C85034,Ebony
C85044,Odyssey
C85063,Ebony
C85068,Ebony
C85069,Ebony
C85074,Cosmos
C85085,Ebony
C85088,Centaur
C85089,Odyssey
C85095,Ebony
C85096,Odyssey
C85102,Ebony
C85110,Centaur
C85142,Ebony
C85144,Cosmos
C85146,Centaur
C85149,Ebony
C85150,Centaur
C85151,Cosmos
C85152,Ebony
C85155,Centaur
C85185,Ebony
C85189,Odyssey
C85203,Tokugawa
C85205,Cosmos
C85215,Ebony
C85225,Ebony
C85235,Cosmos
C85238,Centaur
C85244,Tokugawa
C85264,Ebony
C85274,Cosmos
C85275,Centaur
C85292,Odyssey
C85296,Cosmos
C85307,Cosmos
C85308,Centaur
C85312,Ebony
C85320,Tokugawa
C85322,Odyssey
C85323,Cosmos
C85332,Ebony
C85334,Ebony
C85336,Ebony
C85337,Centaur
C85339,Centaur
C85340,Centaur
C85346,Centaur
C85347,Centaur
C85349,Centaur
C85358,Ebony
C85360,Ebony
C85367,Ebony
C85371,Ebony
C85382,Centaur
C85387,Cosmos
C85389,Centaur
C85394,Centaur
C85400,Centaur
C85402,Ebony
C85409,Cosmos
C85412,Cosmos
C85423,Ebony
C85426,Ebony
C85434,Cosmos
C85436,Cosmos
C85438,Odyssey
C85448,Ebony
C85451,Centaur
C85455,Cosmos
C85457,Ebony
C85458,Centaur
C85464,Ebony
C85474,Cosmos
C85483,Ebony
C85488,Cosmos
C85489,Ebony
C85494,Cosmos
C85502,Ebony
C85512,Cosmos
C85513,Centaur
C85515,Centaur
C85523,Centaur
C85531,Centaur
C85542,Ebony
C85548,Ebony
C85566,Ebony
C85567,Ebony
C85571,Cosmos
C85575,Centaur
C85578,Ebony
C85579,Centaur
C85583,Ebony
C85591,Odyssey
C85592,Ebony
C85601,Ebony
C85616,Odyssey
C85618,Ebony
C85620,Centaur
C85633,Cosmos
C85635,Ebony
C85639,Cosmos
C85649,Ebony
C85659,Centaur
C85665,Tokugawa
C85667,Ebony
C85668,Cosmos
C85677,Cosmos
C85687,Odyssey
C85689,Odyssey
C85697,Centaur
C85698,Ebony
C85699,Ebony
C85703,Centaur
C85705,Ebony
C85711,Ebony
C85717,Ebony
C85732,Ebony
C85733,Cosmos
C85734,Centaur
C85738,Ebony
C85752,Ebony
C85759,Cosmos
C85786,Odyssey
C85791,Centaur
C85794,Ebony
C85799,Cosmos
C85803,Centaur
C85805,Ebony
C85806,Centaur
C85811,Odyssey
C85821,Tokugawa
C85825,Cosmos
C85830,Centaur
C85832,Ebony
C85844,Cosmos
C85845,Odyssey
C85852,Ebony
C85854,Cosmos
C85866,Ebony
C85872,Ebony
C85877,Centaur
C85881,Ebony
C85883,Ebony
C85891,Centaur
C85894,Centaur
C85904,Centaur
C85906,Cosmos
C85908,Ebony
C85913,Ebony
C85923,Ebony
C85937,Ebony
C85983,Cosmos
C85984,Ebony
C85987,Ebony
C85988,Ebony
C86002,Centaur
C86006,Centaur
C86012,Ebony
C86013,Ebony
C86014,Ebony
C86016,Cosmos
C86021,Ebony
C86022,Centaur
C86023,Ebony
C86024,Cosmos
C86026,Centaur
C86031,Cosmos
C86035,Ebony
C86037,Odyssey
C86042,Ebony
C86043,Cosmos
C86046,Ebony
C86050,Ebony
C86065,Ebony
C86076,Odyssey
C86088,Ebony
C86090,Centaur
C86101,Ebony
C86103,Ebony
C86115,Ebony
C86118,Cosmos
C86119,Ebony
C86120,Cosmos
C86122,Ebony
C86129,Cosmos
C86139,Cosmos
C86142,Ebony
C86147,Odyssey
C86157,Centaur
C86158,Centaur
C86177,Ebony
C86182,Cosmos
C86195,Ebony
C86197,Ebony
C86198,Cosmos
C86202,Ebony
C86203,Ebony
C86217,Ebony
C86221,Centaur
C86226,Odyssey
C86227,Centaur
C86231,Centaur
C86234,Ebony
C86236,Cosmos
C86238,Ebony
C86258,Ebony
C86262,Centaur
C86263,Centaur
C86265,Cosmos
C86266,Centaur
C86270,Centaur
C86276,Ebony
C86285,Ebony
C86292,Ebony
C86296,Centaur
C86298,Ebony
C86300,Ebony
C86304,Cosmos
C86311,Ebony
C86312,Ebony
C86322,Ebony
C86329,Ebony
C86332,Cosmos
C86334,Centaur
C86337,Cosmos
C86339,Ebony
C86347,Ebony
C86348,Ebony
C86361,Ebony
C86362,Ebony
C86366,Ebony
C86372,Odyssey
C86378,Centaur
C86381,Cosmos
C86386,Ebony
C86405,Centaur
C86409,Ebony
C86411,Ebony
C86418,Cosmos
C86419,Centaur
C86429,Centaur
C86431,Ebony
C86445,Ebony
C86451,Tokugawa
C86452,Ebony
C86453,Ebony
C86460,Ebony
C86463,Ebony
C86476,Ebony
C86477,Centaur
C86492,Cosmos
C86496,Tokugawa
C86507,Ebony
C86508,Odyssey
C86512,Ebony
C86517,Ebony
C86538,Cosmos
C86540,Ebony
C86544,Ebony
C86548,Cosmos
C86557,Centaur
C86562,Ebony
C86564,Ebony
C86567,Ebony
C86568,Ebony
C86571,Centaur
C86574,Ebony
C86584,Cosmos
C86593,Cosmos
C86594,Ebony
C86595,Centaur
C86599,Cosmos
C86614,Ebony
C86617,Centaur
C86618,Cosmos
C86620,Centaur
C86627,Centaur
C86631,Tokugawa
C86634,Centaur
C86636,Tokugawa
C86647,Ebony
C86655,Cosmos
C86657,Ebony
C86669,Centaur
C86675,Cosmos
C86677,Centaur
C86687,Ebony
C86694,Cosmos
C86712,Cosmos
C86724,Cosmos
C86727,Cosmos
C86731,Ebony
C86741,Ebony
C86745,Odyssey
C86746,Ebony
C86748,Ebony
C86754,Ebony
C86760,Ebony
C86761,Centaur
C86762,Centaur
C86764,Ebony
C86768,Ebony
C86771,Ebony
C86777,Ebony
C86797,Centaur
C86799,Ebony
C86806,Cosmos
C86811,Cosmos
C86815,Ebony
C86816,Ebony
C86827,Odyssey
C86828,Ebony
C86829,Centaur
C86839,Ebony
C86846,Ebony
C86865,Centaur
C86868,Ebony
C86881,Ebony
C86884,Centaur
C86890,Ebony
C86899,Ebony
C86904,Ebony
C86907,Cosmos
C86915,Ebony
C86924,Ebony
C86931,Odyssey
C86935,Centaur
C86936,Ebony
C86952,Ebony
C86953,Ebony
C86954,Ebony
C86955,Centaur
C86958,Centaur
C86964,Ebony
C86970,Centaur
C86973,Odyssey
C86979,Cosmos
C86989,Centaur
C86991,Centaur
C86994,Ebony
C86995,Ebony
C87004,Ebony
C87005,Ebony
C87008,Centaur
C87012,Centaur
C87013,Odyssey
C87015,Centaur
C87017,Ebony
C87031,Ebony
C87037,Ebony
C87047,Ebony
C87060,Ebony
C87069,Ebony
C87071,Ebony
C87074,Ebony
C87077,Ebony
C87086,Odyssey
C87094,Cosmos
C87098,Ebony
C87101,Cosmos
C87111,Ebony
C87117,Ebony
C87120,Ebony
C87127,Cosmos
C87135,Ebony
C87141,Centaur
C87145,Ebony
C87166,Ebony
C87171,Centaur
C87175,Odyssey
C87183,Ebony
C87185,Ebony
C87193,Cosmos
C87194,Cosmos
C87197,Ebony
C87198,Ebony
C87203,Ebony
C87210,Ebony
C87217,Ebony
C87219,Ebony
C87221,Ebony
C87224,Ebony
C87230,Centaur
C87234,Odyssey
C87240,Odyssey
C87241,Odyssey
C87270,Ebony
C87274,Ebony
C87296,Tokugawa
C87297,Cosmos
C87305,Tokugawa
C87311,Ebony
C87312,Ebony
C87313,Ebony
C87320,Centaur
C87330,Ebony
C87336,Cosmos
C87346,Cosmos
C87347,Ebony
C87356,Centaur
C87360,Cosmos
C87372,Ebony
C87377,Ebony
C87381,Cosmos
C87417,Cosmos
C87420,Cosmos
C87422,Ebony
C87424,Ebony
C87430,Ebony
C87431,Cosmos
C87444,Cosmos
C87447,Ebony
C87461,Ebony
C87462,Ebony
C87466,Ebony
C87473,Cosmos
C87474,Cosmos
C87478,Ebony
C87484,Cosmos
C87496,Ebony
C87497,Odyssey
C87498,Ebony
C87501,Cosmos
C87502,Ebony
C87515,Ebony
C87520,Cosmos
C87522,Cosmos
C87523,Ebony
C87526,Centaur
C87540,Ebony
C87543,Cosmos
C87545,Ebony
C87565,Cosmos
C87574,Cosmos
C87598,Cosmos
C87601,Tokugawa
C87609,Ebony
C87611,Ebony
C87614,Ebony
C87639,Tokugawa
C87641,Ebony
C87645,Cosmos
C87648,Tokugawa
C87671,Centaur
C87672,Ebony
C87690,Ebony
C87691,Ebony
C87696,Cosmos
C87711,Cosmos
C87731,Cosmos
C87732,Ebony
C87748,Ebony
C87749,Odyssey
C87750,Ebony
C87752,Ebony
C87760,Ebony
C87761,Ebony
C87765,Centaur
C87779,Ebony
C87780,Ebony
C87783,Centaur
C87817,Ebony
C87834,Ebony
C87879,Tokugawa
C87882,Centaur
C87884,Ebony
C87885,Cosmos
C87891,Ebony
C87894,Ebony
C87896,Centaur
C87907,Centaur
C87908,Tokugawa
C87913,Cosmos
C87914,Odyssey
C87917,Cosmos
C87918,Ebony
C87920,Ebony
C87932,Ebony
C87957,Centaur
C87968,Centaur
C87975,Ebony
C87990,Centaur
C87993,Ebony
C88001,Ebony
C88018,Odyssey
C88020,Centaur
C88023,Ebony
C88027,Ebony
C88048,Ebony
C88050,Centaur
C88056,Cosmos
C88062,Centaur
C88078,Cosmos
C88079,Cosmos
C88087,Ebony
C88094,Ebony
C88101,Centaur
C88103,Ebony
C88109,Cosmos
C88132,Ebony
C88138,Cosmos
C88151,Ebony
C88153,Centaur
C88154,Centaur
C88160,Ebony
C88164,Centaur
C88171,Ebony
C88173,Centaur
C88176,Ebony
C88180,Ebony
C88184,Cosmos
C88195,Ebony
C88203,Cosmos
C88214,Cosmos
C88227,Centaur
C88231,Ebony
C88252,Ebony
C88256,Centaur
C88257,Centaur
C88264,Ebony
C88272,Ebony
C88278,Cosmos
C88284,Centaur
C88294,Cosmos
C88301,Ebony
C88315,Cosmos
C88322,Ebony
C88323,Ebony
C88332,Centaur
C88350,Cosmos
C88355,Ebony
C88365,Ebony
C88372,Ebony
C88376,Ebony
C88378,Ebony
C88392,Tokugawa
C88393,Odyssey
C88394,Ebony
C88413,Odyssey
C88416,Ebony
C88418,Ebony
C88423,Centaur
C88435,Centaur
C88439,Ebony
C88449,Ebony
C88455,Centaur
C88461,Odyssey
C88463,Ebony
C88466,Centaur
C88473,Ebony
C88474,Centaur
C88475,Centaur
C88482,Cosmos
C88483,Ebony
C88492,Centaur
C88514,Cosmos
C88521,Centaur
C88530,Ebony
C88531,Ebony
C88532,Centaur
C88540,Centaur
C88553,Tokugawa
C88555,Cosmos
C88559,Tokugawa
C88560,Centaur
C88561,Cosmos
C88570,Ebony
C88594,Cosmos
C88610,Cosmos
C88613,Centaur
C88616,Cosmos
C88620,Odyssey
C88624,Cosmos
C88625,Ebony
C88627,Cosmos
C88632,Tokugawa
C88634,Centaur
C88636,Ebony
C88646,Cosmos
C88650,Cosmos
C88653,Centaur
C88655,Ebony
C88656,Ebony
C88660,Centaur
C88663,Ebony
C88665,Centaur
C88669,Centaur
C88676,Ebony
C88682,Ebony
C88683,Centaur
C88689,Odyssey
C88712,Centaur
C88713,Ebony
C88716,Ebony
C88718,Ebony
C88720,Ebony
C88732,Ebony
C88736,Centaur
C88738,Ebony
C88751,Cosmos
C88757,Ebony
C88764,Tokugawa
C88778,Cosmos
C88788,Ebony
C88803,Cosmos
C88807,Ebony
C88832,Centaur
C88835,Centaur
C88841,Ebony
C88842,Cosmos
C88855,Cosmos
C88861,Centaur
C88864,Ebony
C88880,Centaur
C88881,Cosmos
C88889,Ebony
C88901,Cosmos
C88915,Ebony
C88930,Ebony
C88937,Ebony
C88946,Cosmos
C88952,Centaur
C88953,Ebony
C88964,Cosmos
C88980,Cosmos
C88981,Ebony
C88982,Cosmos
C88985,Cosmos
C88986,Cosmos
C88988,Centaur
C88990,Centaur
C89016,Cosmos
C89020,Ebony
C89026,Ebony
C89034,Ebony
C89036,Centaur
C89038,Centaur
C89048,Odyssey
C89052,Centaur
C89058,Centaur
C89081,Ebony
C89084,Cosmos
C89085,Odyssey
C89089,Ebony
C89092,Cosmos
C89095,Centaur
C89103,Centaur
C89105,Ebony
C89114,Ebony
C89121,Centaur
C89141,Ebony
C89154,Cosmos
C89163,Tokugawa
C89182,Ebony
C89195,Centaur
C89209,Centaur
C89223,Odyssey
C89226,Cosmos
C89229,Cosmos
C89256,Ebony
C89267,Centaur
C89280,Centaur
C89284,Cosmos
C89292,Ebony
C89294,Ebony
C89301,Ebony
C89312,Cosmos
C89314,Ebony
C89319,Cosmos
C89323,Ebony
C89324,Ebony
C89332,Centaur
C89344,Ebony
C89352,Cosmos
C89367,Ebony
C89372,Odyssey
C89373,Odyssey
C89381,Ebony
C89384,Cosmos
C89388,Centaur
C89392,Cosmos
C89397,Ebony
C89401,Centaur
C89408,Ebony
C89415,Ebony
C89422,Cosmos
C89426,Ebony
C89443,Cosmos
C89444,Ebony
C89447,Centaur
C89462,Cosmos
C89474,Cosmos
C89478,Tokugawa
C89479,Ebony
C89482,Ebony
C89485,Cosmos
C89486,Ebony
C89494,Cosmos
C89506,Odyssey
C89543,Centaur
C89545,Centaur
C89552,Centaur
C89559,Cosmos
C89568,Ebony
C89591,Centaur
C89599,Ebony
C89623,Centaur
C89631,Tokugawa
C89636,Ebony
C89637,Cosmos
C89645,Cosmos
C89647,Ebony
C89649,Tokugawa
C89660,Tokugawa
C89665,Cosmos
C89670,Cosmos
C89673,Ebony
C89681,Odyssey
C89694,Cosmos
C89704,Ebony
C89709,Centaur
C89723,Ebony
C89731,Ebony
C89739,Odyssey
C89740,Cosmos
C89743,Ebony
C89750,Ebony
C89754,Cosmos
C89765,Ebony
C89776,Ebony
C89789,Tokugawa
C89799,Ebony
C89802,Ebony
C89804,Cosmos
C89810,Odyssey
C89814,Odyssey
C89818,Ebony
C89826,Centaur
C89827,Ebony
C89830,Odyssey
C89848,Cosmos
C89850,Centaur
C89878,Cosmos
C89887,Cosmos
C89913,Cosmos
C89917,Ebony
C89932,Cosmos
C89939,Centaur
C89946,Ebony
C89963,Ebony
C89965,Cosmos
C89975,Centaur
C89976,Ebony
C89987,Ebony
C89995,Ebony
C89996,Ebony
C90003,Centaur
C90010,Ebony
C90012,Ebony
C90029,Cosmos
C90041,Cosmos
C90042,Tokugawa
C90045,Centaur
C90049,Ebony
C90099,Cosmos
C90101,Odyssey
C90107,Ebony
C90108,Cosmos
C90112,Centaur
C90143,Centaur
C90147,Ebony
C90155,Centaur
C90156,Centaur
C90158,Ebony
C90163,Odyssey
C90168,Ebony
C90177,Ebony
C90195,Odyssey
C90206,Ebony
C90212,Cosmos
C90214,Ebony
C90220,Cosmos
C90234,Centaur
C90239,Ebony
C90240,Cosmos
C90242,Centaur
C90253,Centaur
C90254,Tokugawa
C90259,Ebony
C90265,Ebony
C90273,Ebony
C90286,Cosmos
C90288,Ebony
C90292,Ebony
C90294,Centaur
C90296,Cosmos
C90300,Ebony
C90306,Centaur
C90312,Centaur
C90316,Tokugawa
C90318,Cosmos
C90345,Ebony
C90348,Centaur
C90356,Centaur
C90365,Ebony
C90382,Ebony
C90392,Ebony
C90394,Centaur
C90395,Centaur
C90406,Centaur
C90419,Centaur
C90420,Ebony
C90432,Cosmos
C90434,Ebony
C90436,Ebony
C90441,Cosmos
C90460,Cosmos
C90464,Odyssey
C90475,Cosmos
C90477,Ebony
C90483,Cosmos
C90484,Centaur
C90489,Centaur
C90498,Ebony
C90534,Ebony
C90542,Ebony
C90549,Ebony
C90555,Centaur
C90556,Ebony
C90569,Ebony
C90574,Centaur
C90579,Centaur
C90584,Cosmos
C90602,Ebony
C90610,Ebony
C90616,Cosmos
C90622,Cosmos
C90623,Centaur
C90633,Ebony
C90636,Ebony
C90671,Ebony
C90684,Centaur
C90686,Ebony
C90691,Cosmos
C90692,Ebony
C90694,Odyssey
C90699,Centaur
C90707,Ebony
C90713,Odyssey
C90734,Ebony
C90735,Ebony
C90740,Centaur
C90748,Centaur
C90757,Ebony
C90758,Ebony
C90767,Cosmos
C90768,Centaur
C90772,Ebony
C90782,Ebony
C90784,Ebony
C90792,Cosmos
C90804,Centaur
C90814,Cosmos
C90818,Centaur
C90820,Cosmos
C90821,Centaur
C90829,Ebony
C90833,Cosmos
C90838,Ebony
C90842,Ebony
C90844,Centaur
C90847,Ebony
C90848,Odyssey
C90849,Cosmos
C90860,Ebony
C90864,Cosmos
C90866,Centaur
C90870,Ebony
C90874,Ebony
C90876,Ebony
C90879,Cosmos
C90889,Ebony
C90914,Cosmos
C90922,Cosmos
C90926,Ebony
C90930,Ebony
C90943,Ebony
C90952,Cosmos
C90960,Centaur
C90964,Ebony
C90970,Ebony
C90975,Ebony
C90978,Ebony
C91002,Cosmos
C91003,Cosmos
C91012,Ebony
C91014,Cosmos
C91018,Ebony
C91022,Centaur
C91029,Tokugawa
C91031,Ebony
C91032,Odyssey
C91039,Cosmos
C91040,Ebony
C91045,Ebony
C91052,Ebony
C91061,Cosmos
C91068,Ebony
C91069,Ebony
C91075,Ebony
C91092,Tokugawa
C91100,Cosmos
C91107,Ebony
C91109,Centaur
C91119,Ebony
C91120,Ebony
C91121,Cosmos
C91124,Ebony
C91127,Cosmos
C91129,Ebony
C91132,Ebony
C91138,Tokugawa
C91141,Ebony
C91146,Ebony
C91149,Cosmos
C91162,Cosmos
C91164,Centaur
C91169,Ebony
C91173,Cosmos
C91183,Cosmos
C91184,Centaur
C91194,Cosmos
C91195,Centaur
C91200,Ebony
